name,datetime,temp,feelslike,dew,humidity,precip,precipprob,preciptype,snow,snowdepth,windgust,windspeed,winddir,sealevelpressure,cloudcover,visibility,solarradiation,solarenergy,uvindex,severerisk,conditions,icon,stations
mendrisio,2023-07-18T00:00:00,24.6,24.6,20.9,79.53,0,0,,0,0,6.8,3.3,293,1017.9,0,10,0,0,0,30,Clear,clear-night,"LIMC,LIME,C7783,LSZL,LSZA,LIML"
mendrisio,2023-07-18T01:00:00,24.3,24.3,20.2,78.16,0,0,,0,0,6.8,4.7,259,1017.9,0,10,0,0,0,8,Clear,clear-night,"LIMC,LIME,C7783,LSZL,LSZA,LIML"
mendrisio,2023-07-18T02:00:00,23.5,23.5,20.8,84.93,0,0,,0,0,9.4,3.3,331,1017.9,0,10,0,0,0,8,Clear,clear-night,"LIMC,LIME,C7783,LSZL,LSZA,LIML"
mendrisio,2023-07-18T03:00:00,22.5,22.5,20.8,89.99,0,0,,0,0,10.8,3.2,360,1017.9,7.9,10,0,0,0,5,Clear,clear-night,"LIMC,LIME,C7783,LSZL,LSZA,LIML"
mendrisio,2023-07-18T04:00:00,21.6,21.6,20.1,91.13,0,0,,0,0,11.2,2.9,338,1017.8,3.1,10,0,0,0,5,Clear,clear-night,"LIMC,LIME,C7783,LSZL,LSZA,LIML"
mendrisio,2023-07-18T05:00:00,21.4,21.4,19.9,91.41,0,0,,0,0,10.8,3.5,1,1017.8,0,10,0,0,0,5,Clear,clear-night,"LIMC,LIME,C7783,LSZL,LSZA,LIML"
mendrisio,2023-07-18T06:00:00,20.6,20.6,20,95.88,0,0,,0,0,11.5,3.6,10,1017.9,0,10,11,0,0,10,Clear,clear-day,"LIMC,LIME,C7783,LSZL,LSZA,LIML"
mendrisio,2023-07-18T07:00:00,21.4,21.4,20,91.94,0,0,,0,0,11.5,2.1,6,1018.7,0,10,107,0.4,1,10,Clear,clear-day,"LIMC,LIME,C7783,LSZL,LSZA,LIML"
mendrisio,2023-07-18T08:00:00,23,23,20.7,86.59,0,0,,0,0,6.8,2.7,30,1018.8,0,10,262,0.9,3,5,Clear,clear-day,"LIMC,LIME,C7783,LSZL,LSZA,LIML"
mendrisio,2023-07-18T09:00:00,25.4,25.4,20.7,74.99,0,0,,0,0,6.5,4,3,1019.6,0,10,418,1.5,4,5,Clear,clear-day,"LIMC,LIME,C7783,LSZL,LSZA,LIML"
mendrisio,2023-07-18T10:00:00,27.4,29.3,20.9,67.77,0,0,,0,0,11.2,3.9,46,1018.9,0,10,564,2,6,15,Clear,clear-day,"LIMC,LIME,C7783,LSZL,LSZA,LIML"
mendrisio,2023-07-18T11:00:00,28.4,30.5,20.8,63.57,0,0,,0,0,15.8,5.7,180,1018.9,25,10,679,2.4,7,8,Partially cloudy,partly-cloudy-day,"LIMC,LIME,C7783,LSZL,LSZA,LIML"
mendrisio,2023-07-18T12:00:00,29.7,32.1,20.9,59.32,0,0,,0,0,19.1,4.8,214,1018.8,25,10,752,2.7,8,60,Partially cloudy,partly-cloudy-day,"LIMC,LIME,C7783,LSZL,LSZA,LIML"
mendrisio,2023-07-18T13:00:00,30.5,33.7,21.7,59.51,0,0,,0,0,23,8.3,191,1017.9,35.4,10,425,1.5,4,60,Partially cloudy,partly-cloudy-day,"LIMC,LIME,C7783,LSZL,LSZA,LIML"
mendrisio,2023-07-18T14:00:00,30.7,34,21.8,58.91,0,0,,0,0,19.1,10.4,193,1017.6,28.4,10,874,3.1,9,60,Partially cloudy,partly-cloudy-day,"LIMC,LIME,C7783,LSZL,LSZA,LIML"
mendrisio,2023-07-18T15:00:00,30.1,33.2,21.7,60.94,0,0,,0,0,19.1,11.7,191,1016.1,52.8,10,304,1.1,3,60,Partially cloudy,partly-cloudy-day,"LIMC,LIME,C7783,LSZL,LSZA,LIML"
mendrisio,2023-07-18T16:00:00,30.9,35,22.6,61.3,0,0,,0,0,19.1,9.1,198,1016.6,50,10,158,0.6,2,60,Partially cloudy,partly-cloudy-day,"LIMC,LIME,C7783,LSZL,LSZA,LIML"
mendrisio,2023-07-18T17:00:00,29.7,33.2,22.5,65.28,0,0,,0,0,19.4,4.8,50,1016.6,46.6,8.1,188,0.7,2,60,Partially cloudy,partly-cloudy-day,"LIMC,LIME,C7783,LSZL,LSZA,LIML"
mendrisio,2023-07-18T18:00:00,31.1,34.7,22.1,58.84,0,0,,0,0,16.6,8.6,290,1015.6,40.6,10,330,1.2,3,60,Partially cloudy,partly-cloudy-day,"LIMC,LIME,C7783,LSZL,LSZA,LIML"
mendrisio,2023-07-18T19:00:00,30.4,34.5,22.7,63.45,0,0,,0,0,14.8,10.3,29,1015.6,0,10,97,0.3,1,75,Clear,clear-day,"LIMC,LIME,C7783,LSZL,LSZA,LIML"
mendrisio,2023-07-18T20:00:00,28.8,32.3,22.9,70.58,0,0,,0,0,5.8,3.6,346,1015.6,28.5,10,33,0.1,0,75,Partially cloudy,partly-cloudy-day,"LIMC,LIME,C7783,LSZL,LSZA,LIML"
mendrisio,2023-07-18T21:00:00,28.3,31.6,22.9,72.44,0,0,,0,0,6.8,6.9,133,1014.9,7.9,10,0,0,0,15,Clear,clear-day,"LIMC,LIME,C7783,LSZL,LSZA,LIML"
mendrisio,2023-07-18T22:00:00,26.3,26.3,23.6,85.15,0,0,,0,0,5,5.1,59,1015.7,4.8,7.5,0,0,0,15,Clear,clear-night,"LIMC,LIME,C7783,LSZL,LSZA,LIML"
mendrisio,2023-07-18T23:00:00,25.5,25.5,22.1,81.38,0,0,,0,0,6.1,7.8,1,1016.6,28.5,10,0,0,0,5,Partially cloudy,partly-cloudy-night,"LIMC,LIME,C7783,LSZL,LSZA,LIML"
mendrisio,2023-07-19T00:00:00,25.3,25.3,22.1,82.55,0,0,,0,0,7.6,5.5,349,1016.7,47.2,10,0,0,0,5,Partially cloudy,partly-cloudy-night,"LIMC,LIME,C7783,LSZL,LSZA,LIML"
mendrisio,2023-07-19T01:00:00,24.9,24.9,23.4,91.35,0,0,,0,0,7.2,5.8,291,1015.9,70.9,10,0,0,0,15,Partially cloudy,partly-cloudy-night,"LIMC,LIME,C7783,LSZL,LSZA,LIML"
mendrisio,2023-07-19T02:00:00,24.4,24.4,23.5,94.86,0,0,,0,0,7.9,5.4,50,1015.8,29.5,8.7,0,0,0,15,Partially cloudy,partly-cloudy-night,"LIMC,LIME,C7783,LSZL,LSZA"
mendrisio,2023-07-19T03:00:00,24.2,24.2,23.4,95.36,0,0,,0,0,15.8,6.6,261,1015.8,75.6,8,0,0,0,5,Partially cloudy,partly-cloudy-night,"LIMC,LIME,C7783,LSZL,LSZA"
mendrisio,2023-07-19T04:00:00,24.1,24.1,22.7,91.86,0,0,,0,0,17.3,2.9,326,1014.7,69.6,6.2,0,0,0,5,Partially cloudy,partly-cloudy-night,"LIMC,LIME,C7783,LSZL,LSZA,LIML"
mendrisio,2023-07-19T05:00:00,23.5,23.5,22.5,94.37,0,0,,0,0,15.1,3.3,15,1014.7,75.6,6.2,0,0,0,5,Partially cloudy,partly-cloudy-night,"LIMC,LIME,C7783,LSZL,LSZA,LIML"
mendrisio,2023-07-19T06:00:00,23.4,23.4,22.5,94.92,0,0,,0,0,10.4,4.7,45,1014.7,55.4,6.2,11,0,0,5,Partially cloudy,partly-cloudy-day,"LIMC,LIME,C7783,LSZL,LSZA,LIML"
mendrisio,2023-07-19T07:00:00,24,24,23.2,95.19,0,0,,0,0,7.6,3.1,359,1014.6,28.6,8.1,74,0.3,1,5,Partially cloudy,partly-cloudy-day,"LIMC,LIME,C7783,LSZL,LSZA,LIML"
mendrisio,2023-07-19T08:00:00,24.4,24.4,23.3,93.45,0,0,,0,0,4.3,3.3,332,1014.9,52.5,7.4,220,0.8,2,5,Partially cloudy,partly-cloudy-day,"LIMC,LIME,C7783,LSZL,LSZA,LIML"
mendrisio,2023-07-19T09:00:00,25.2,25.2,22.6,85.43,0,0,,0,0,5.4,4.5,11,1015.3,73.8,7.5,258,0.9,3,15,Partially cloudy,partly-cloudy-day,"LIMC,LIME,C7783,LSZL,LSZA,LIML"
mendrisio,2023-07-19T10:00:00,25.7,25.7,23.4,87.35,0,0,rain,0,0,13.7,5.4,126,1013.1,29.2,9.4,578,2.1,6,8,Partially cloudy,partly-cloudy-day,"LIMC,LIME,C7783,LSZL,LSZA,LIML"
mendrisio,2023-07-19T11:00:00,28.2,31.4,22.8,72.34,0,0,,0,0,15.5,9.5,126,1012.9,25,10,731,2.6,7,60,Partially cloudy,partly-cloudy-day,"LIMC,LIME,C7783,LSZL,LSZA,LIML"
mendrisio,2023-07-19T12:00:00,29.2,32.3,22,65.09,0,0,,0,0,15.1,8.7,172,1012.6,37.1,10,788,2.8,8,60,Partially cloudy,partly-cloudy-day,"LIMC,LIME,C7783,LSZL,LSZA,LIML"
mendrisio,2023-07-19T13:00:00,30.2,33.7,22.1,61.84,0,0,,0,0,15.8,7.3,182,1012.6,43.7,10,832,3,8,75,Partially cloudy,partly-cloudy-day,"LIMC,LIME,C7783,LSZL,LSZA,LIML"
mendrisio,2023-07-19T14:00:00,31,35.4,22.9,62.05,0.1,100,rain,0,0,16.2,5.1,224,1011.9,29.3,10,777,2.8,8,75,"Rain, Partially cloudy",rain,"LIMC,LIME,C7783,LSZL,LSZA,LIML"
mendrisio,2023-07-19T15:00:00,31.7,36.2,22.8,59.29,0.3,100,rain,0,0,12.6,6.5,196,1010.9,29.3,10,800,2.9,8,75,"Rain, Partially cloudy",rain,"LIMC,LIME,C7783,LSZL,LSZA,LIML"
mendrisio,2023-07-19T16:00:00,32,36.3,22.5,57.29,0.2,100,rain,0,0,13,8.1,192,1010.6,25,10,648,2.3,6,75,"Rain, Partially cloudy",rain,"LIMC,LIME,C7783,LSZL,LSZA,LIML"
mendrisio,2023-07-19T17:00:00,32.1,37.1,23.2,59.44,0,0,,0,0,11.9,8.8,211,1009.6,29.5,10,598,2.2,6,75,Partially cloudy,partly-cloudy-day,"LIMC,LIME,C7783,LSZL,LSZA,LIML"
mendrisio,2023-07-19T18:00:00,30.7,33.9,21.8,59.09,0,76.2,rain,0,0,7.9,2.2,342.6,1009,18.1,24.1,516,1.9,5,75,Rain,rain,
mendrisio,2023-07-19T19:00:00,30.2,33,21.4,59.34,0,76.2,rain,0,0,10.8,5,313.8,1008,20.5,24.1,348,1.3,3,100,"Rain, Partially cloudy",rain,
mendrisio,2023-07-19T20:00:00,29,31.5,21.4,63.59,0,76.2,rain,0,0,11.9,5.8,351.1,1009,6.5,24.1,180,0.6,2,100,Rain,rain,
mendrisio,2023-07-19T21:00:00,26.7,26.7,21.4,72.73,0,61.9,rain,0,0,11.5,6.1,353.1,1009,59.9,24.1,41,0.1,0,75,"Rain, Partially cloudy",rain,
mendrisio,2023-07-19T22:00:00,25.3,25.3,21,77.1,0,61.9,rain,0,0,13,6.5,358.6,1009,56.8,24.1,0,0,0,15,"Rain, Partially cloudy",rain,
mendrisio,2023-07-19T23:00:00,24.6,24.6,20.6,78.43,0,61.9,rain,0,0,13.7,6.8,354.9,1009,56.6,24.1,0,0,0,5,"Rain, Partially cloudy",rain,
mendrisio,2023-07-20T00:00:00,24.7,24.7,19,70.6,0,61.9,rain,0,0,16.2,7.9,352,1009,52.2,24.1,0,0,0,5,"Rain, Partially cloudy",rain,
mendrisio,2023-07-20T01:00:00,24.3,24.3,14.3,53.64,0,61.9,rain,0,0,17.6,8.6,349.5,1009,28,24.1,0,0,0,5,"Rain, Partially cloudy",rain,
mendrisio,2023-07-20T02:00:00,23.3,23.3,11.6,47.75,0,61.9,rain,0,0,18.4,9,4.5,1009,31.2,24.1,0,0,0,10,"Rain, Partially cloudy",rain,
mendrisio,2023-07-20T03:00:00,21,21,19.4,90.58,0,0,,0,0,22,10.8,125.1,1011,67,24.1,0,0,0,10,Partially cloudy,partly-cloudy-night,
mendrisio,2023-07-20T04:00:00,20.7,20.7,19.8,94.59,0,0,,0,0,20.5,5.8,114.3,1011,57.5,24.1,0,0,0,10,Partially cloudy,partly-cloudy-night,
mendrisio,2023-07-20T05:00:00,20.5,20.5,19.7,95.17,0,0,,0,0,11.5,2.9,84,1011,65.5,24.1,0,0,0,10,Partially cloudy,partly-cloudy-night,
mendrisio,2023-07-20T06:00:00,20.1,20.1,19.2,94.56,0,0,,0,0,6.1,4,15.7,1011,44.4,24.1,0,0,0,10,Partially cloudy,partly-cloudy-day,
mendrisio,2023-07-20T07:00:00,19.5,19.5,17.4,87.67,0,0,,0,0,10.1,4.7,357.3,1011,18.9,24.1,41,0.1,0,10,Clear,clear-day,
mendrisio,2023-07-20T08:00:00,21.3,21.3,18.6,84.6,0,0,,0,0,9.7,4,338.1,1011,1.5,24.1,185,0.7,2,10,Clear,clear-day,
mendrisio,2023-07-20T09:00:00,24,24,15.6,59.38,0,0,,0,0,9.7,4,311.2,1011,0,24.1,355,1.3,4,10,Clear,clear-day,
mendrisio,2023-07-20T10:00:00,25.3,25.3,15.6,54.94,0,0,,0,0,11.5,5,305.5,1010,98.9,24.1,524,1.9,5,3,Overcast,cloudy,
mendrisio,2023-07-20T11:00:00,26.8,27.1,15.1,48.69,0,0,,0,0,12.2,4.7,296.9,1010,6.1,24.1,677,2.4,7,10,Clear,clear-day,
mendrisio,2023-07-20T12:00:00,28.1,28,14.8,44.25,0,0,,0,0,11.5,3.6,266.7,1010,8.8,24.1,795,2.9,8,10,Clear,clear-day,
mendrisio,2023-07-20T13:00:00,29.1,28.8,14.7,41.49,0,0,,0,0,10.4,3.6,231.4,1010,0,24.1,870,3.1,9,10,Clear,clear-day,
mendrisio,2023-07-20T14:00:00,29.9,29.3,14.1,38.11,0,0,,0,0,11.2,4,207.9,1009,0,24.1,894,3.2,9,10,Clear,clear-day,
mendrisio,2023-07-20T15:00:00,30.7,29.6,12.3,32.37,0,28.6,,0,0,13,5.4,195.2,1009,0,24.1,867,3.1,9,10,Clear,clear-day,
mendrisio,2023-07-20T16:00:00,31,29.6,11.2,29.59,0,28.6,,0,0,13.7,5.8,195.3,1008,0,24.1,792,2.9,8,10,Clear,clear-day,
mendrisio,2023-07-20T17:00:00,30.9,29.5,11,29.36,0,28.6,,0,0,13.7,5.8,176.1,1008,0,24.1,674,2.4,7,10,Clear,clear-day,
mendrisio,2023-07-20T18:00:00,30.5,29.3,11.4,30.85,0,28.6,,0,0,13.3,5.8,166,1007,0,24.1,523,1.9,5,10,Clear,clear-day,
mendrisio,2023-07-20T19:00:00,29.7,29.1,13.9,38.05,0,28.6,,0,0,13,4.3,166.7,1007,0,24.1,352,1.3,4,30,Clear,clear-day,
mendrisio,2023-07-20T20:00:00,28.1,28.5,16.7,49.97,0,28.6,,0,0,8.6,2.9,206.7,1007,66.6,24.1,181,0.7,2,30,Partially cloudy,partly-cloudy-day,
mendrisio,2023-07-20T21:00:00,26.5,26.5,15.9,52.16,0,100,rain,0,0,5.8,2.9,5.6,1008,13.8,24.1,39,0.1,0,30,Rain,rain,
mendrisio,2023-07-20T22:00:00,23.8,23.8,15.4,59.34,0,100,rain,0,0,9.4,5.4,59.2,1009,55.3,24.1,0,0,0,30,"Rain, Partially cloudy",rain,
mendrisio,2023-07-20T23:00:00,22.9,22.9,17.1,69.82,0,100,rain,0,0,10.8,4.7,37.9,1009,49.1,6.2,0,0,0,30,"Rain, Partially cloudy",rain,
mendrisio,2023-07-21T00:00:00,23,23,17.9,72.99,0,100,rain,0,0,13.7,7.2,88,1009,47.3,24.1,0,0,0,10,"Rain, Partially cloudy",rain,
mendrisio,2023-07-21T01:00:00,22.1,22.1,18,77.58,0,100,rain,0,0,19.1,9.4,110.5,1010,52.1,5.2,0,0,0,3,"Rain, Partially cloudy",rain,
mendrisio,2023-07-21T02:00:00,21.3,21.3,18.2,82.5,0,100,rain,0,0,17.6,4.3,110.3,1010,49.5,24.1,0,0,0,5,"Rain, Partially cloudy",rain,
mendrisio,2023-07-21T03:00:00,21.2,21.2,18.7,85.65,0,100,rain,0,0,8.3,1.4,125.3,1010,100,24.1,0,0,0,5,"Rain, Overcast",rain,
mendrisio,2023-07-21T04:00:00,19.8,19.8,18.1,89.93,1.1,100,rain,0,0,14.4,4.3,348.1,1010,100,24.1,0,0,0,5,"Rain, Overcast",rain,
mendrisio,2023-07-21T05:00:00,19.4,19.4,17.6,89.34,0.8,100,rain,0,0,14.4,4.3,347.3,1010,96,24.1,0,0,0,5,"Rain, Overcast",rain,
mendrisio,2023-07-21T06:00:00,19,19,17.5,91.01,1,100,rain,0,0,11.9,5.4,260.4,1010,100,4.6,0,0,0,3,"Rain, Overcast",rain,
mendrisio,2023-07-21T07:00:00,19.3,19.3,18.1,92.77,0.2,100,rain,0,0,11.5,4,309.1,1011,100,24.1,37,0.1,0,5,"Rain, Overcast",rain,
mendrisio,2023-07-21T08:00:00,19.6,19.6,17.9,89.92,0.6,100,rain,0,0,20.5,7.2,332,1011,100,24.1,170,0.6,2,3,"Rain, Overcast",rain,
mendrisio,2023-07-21T09:00:00,19.4,19.4,17.7,89.9,1.8,100,rain,0,0,21.2,7.2,319.4,1011,100,24.1,289,1,3,10,"Rain, Overcast",rain,
mendrisio,2023-07-21T10:00:00,19.9,19.9,17.6,86.6,1.4,100,rain,0,0,21.2,7.2,342.3,1011,100,24.1,495,1.8,5,30,"Rain, Overcast",rain,
mendrisio,2023-07-21T11:00:00,20.3,20.3,18.1,87.19,1.1,100,rain,0,0,18.4,4.7,325,1012,100,23.6,650,2.3,7,30,"Rain, Overcast",rain,
mendrisio,2023-07-21T12:00:00,20.8,20.8,18.4,86.15,0.9,100,rain,0,0,14.8,2.9,289.9,1011,94.4,6.2,383,1.4,4,30,"Rain, Overcast",rain,
mendrisio,2023-07-21T13:00:00,20.4,20.4,18.8,90.54,2.3,100,rain,0,0,15.1,2.9,219.6,1011,100,6.1,388,1.4,4,30,"Rain, Overcast",rain,
mendrisio,2023-07-21T14:00:00,20.9,20.9,18.8,87.79,0.9,100,rain,0,0,20.2,5.4,65.1,1010,100,24.1,563,2,6,30,"Rain, Overcast",rain,
mendrisio,2023-07-21T15:00:00,22.5,22.5,18.8,79.61,0,100,rain,0,0,13,3.6,158.2,1010,100,24.1,814,2.9,8,30,"Rain, Overcast",rain,
mendrisio,2023-07-21T16:00:00,22.4,22.4,18.7,79.6,0,100,rain,0,0,19.4,8.6,144.1,1010,98.2,24.1,761,2.7,8,60,"Rain, Overcast",rain,
mendrisio,2023-07-21T17:00:00,22.5,22.5,18.9,80.11,0,100,rain,0,0,19.8,7.9,145.5,1010,100,24.1,631,2.3,6,60,"Rain, Overcast",rain,
mendrisio,2023-07-21T18:00:00,22.8,22.8,19,79.16,0,100,rain,0,0,17.6,4.7,154.2,1009,98.2,24.1,506,1.8,5,60,"Rain, Overcast",rain,
mendrisio,2023-07-21T19:00:00,22.7,22.7,19.1,80.14,0,100,rain,0,0,10.8,0.7,254.4,1009,31.5,24.1,342,1.2,3,60,"Rain, Partially cloudy",rain,
mendrisio,2023-07-21T20:00:00,22.5,22.5,19.4,82.64,0,100,rain,0,0,5,1.8,271.8,1009,6.2,2.6,175,0.6,2,60,Rain,rain,
mendrisio,2023-07-21T21:00:00,21.4,21.4,19.3,87.83,0,66.7,rain,0,0,5.4,2.2,140.2,1010,27.1,24,38,0.1,0,30,"Rain, Partially cloudy",rain,
mendrisio,2023-07-21T22:00:00,20.6,20.6,18.7,88.87,0,66.7,rain,0,0,4,2.5,143.6,1011,44.3,24.1,0,0,0,30,"Rain, Partially cloudy",rain,
mendrisio,2023-07-21T23:00:00,20,20,18.5,91.08,0,66.7,rain,0,0,4,0.7,72.7,1011,69.7,24.1,0,0,0,30,"Rain, Partially cloudy",rain,
mendrisio,2023-07-22T00:00:00,19.3,19.3,18.4,94.53,0,66.7,rain,0,0,7.6,4.3,339.5,1011,60.5,24.1,0,0,0,3,"Rain, Partially cloudy",rain,
mendrisio,2023-07-22T01:00:00,18.8,18.8,18.1,95.71,0,66.7,rain,0,0,10.1,5,332.9,1011,100,24.1,0,0,0,5,"Rain, Overcast",rain,
mendrisio,2023-07-22T02:00:00,18.8,18.8,17.8,93.92,0,66.7,rain,0,0,10.8,5.4,337.2,1011,100,24.1,0,0,0,10,"Rain, Overcast",rain,
mendrisio,2023-07-22T03:00:00,18.4,18.4,13.5,73.12,0,14.3,,0,0,13.3,6.8,350.7,1011,97.3,24.1,0,0,0,10,Overcast,cloudy,
mendrisio,2023-07-22T04:00:00,17.6,17.6,11.3,66.55,0,14.3,,0,0,13.7,6.8,356.8,1011,95.9,24.1,0,0,0,10,Overcast,cloudy,
mendrisio,2023-07-22T05:00:00,17.2,17.2,11,66.91,0,14.3,,0,0,13.7,6.5,3.5,1011,100,24.1,0,0,0,10,Overcast,cloudy,
mendrisio,2023-07-22T06:00:00,16.9,16.9,11.3,69.56,0,14.3,,0,0,12.2,5,6.6,1012,100,24.1,0,0,0,10,Overcast,cloudy,
mendrisio,2023-07-22T07:00:00,16.9,16.9,12.7,76.28,0,14.3,,0,0,9.7,4.3,22.6,1012,100,24.1,33,0.1,0,10,Overcast,cloudy,
mendrisio,2023-07-22T08:00:00,18.6,18.6,15.2,80.6,0,14.3,,0,0,7.9,2.2,69.2,1013,69,24.1,162,0.6,2,10,Partially cloudy,partly-cloudy-day,
mendrisio,2023-07-22T09:00:00,21,21,15.3,69.9,0,28.6,,0,0,8.6,3.6,163,1013,31.8,24.1,331,1.2,3,3,Partially cloudy,partly-cloudy-day,
mendrisio,2023-07-22T10:00:00,21.7,21.7,17.1,75.11,0,28.6,,0,0,9.7,3.6,164.1,1014,100,24.1,521,1.9,5,10,Overcast,cloudy,
mendrisio,2023-07-22T11:00:00,23.1,23.1,18.3,74.4,0,28.6,,0,0,10.1,3.6,169.4,1014,36.6,24.1,610,2.2,6,30,Partially cloudy,partly-cloudy-day,
mendrisio,2023-07-22T12:00:00,24.6,24.6,18.1,67.13,0,28.6,,0,0,11.9,4.3,169,1014,30.2,24.1,672,2.4,7,30,Partially cloudy,partly-cloudy-day,
mendrisio,2023-07-22T13:00:00,25.7,25.7,18.1,62.87,0,28.6,,0,0,16.2,6.8,168.1,1013,35.4,24.1,861,3.1,9,30,Partially cloudy,partly-cloudy-day,
mendrisio,2023-07-22T14:00:00,26.4,26.4,17.8,59.19,0,28.6,,0,0,20.5,9,164.2,1013,47.9,24.1,886,3.2,9,30,Partially cloudy,partly-cloudy-day,
mendrisio,2023-07-22T15:00:00,26.6,26.6,17.3,56.69,0,52.4,rain,0,0,20.6,8.6,166.5,1013,43,24.1,861,3.1,9,30,"Rain, Partially cloudy",rain,
mendrisio,2023-07-22T16:00:00,26.8,27.5,16.8,54.29,0,52.4,rain,0,0,20.8,8.3,168.8,1013,38.2,24.1,788,2.8,8,30,"Rain, Partially cloudy",rain,
mendrisio,2023-07-22T17:00:00,27.1,27.6,16.4,51.98,0,52.4,rain,0,0,20.9,7.9,171.1,1013,33.3,24.1,669,2.4,7,30,"Rain, Partially cloudy",rain,
mendrisio,2023-07-22T18:00:00,26.4,26.4,16.4,54.19,0,52.4,rain,0,0,18.7,7.6,159.3,1013.3,37.8,24.1,519,1.9,5,30,"Rain, Partially cloudy",rain,
mendrisio,2023-07-22T19:00:00,25.8,25.8,16.5,56.5,0,52.4,rain,0,0,16.6,7.2,147.6,1013.7,42.4,24.1,346,1.2,3,30,"Rain, Partially cloudy",rain,
mendrisio,2023-07-22T20:00:00,25.2,25.2,16.6,58.91,0,52.4,rain,0,0,14.4,6.8,135.8,1014,46.9,24.1,175,0.6,2,60,"Rain, Partially cloudy",rain,
mendrisio,2023-07-22T21:00:00,23.9,23.9,17.4,67,0,71.4,rain,0,0,14.5,7.1,127.6,1014.7,54.7,24,36,0.1,0,30,"Rain, Partially cloudy",rain,
mendrisio,2023-07-22T22:00:00,22.7,22.7,18.3,76.23,0,71.4,rain,0,0,14.6,7.3,119.4,1015.3,62.4,24.1,0,0,0,30,"Rain, Partially cloudy",rain,
mendrisio,2023-07-22T23:00:00,21.5,21.5,19.2,86.76,0,71.4,rain,0,0,14.8,7.6,111.2,1016,70.2,24.1,0,0,0,30,"Rain, Partially cloudy",rain,
mendrisio,2023-07-23T00:00:00,21.1,21.1,18.9,87.26,0,71.4,rain,0,0,12.5,5.8,81,1016.3,67,23.7,0,0,0,3,"Rain, Partially cloudy",rain,
mendrisio,2023-07-23T01:00:00,20.7,20.7,18.6,87.77,0,71.4,rain,0,0,10.2,4,50.7,1016.7,63.8,24.1,0,0,0,3,"Rain, Partially cloudy",rain,
mendrisio,2023-07-23T02:00:00,20.3,20.3,18.3,88.29,0.3,71.4,rain,0,0,7.9,2.2,20.5,1017,60.6,24.1,0,0,0,5,"Rain, Partially cloudy",rain,
mendrisio,2023-07-23T03:00:00,19.7,19.7,18.1,90.49,0,4.8,,0,0,8,2.3,132.2,1017,64.4,24.1,0,0,0,5,Partially cloudy,partly-cloudy-night,
mendrisio,2023-07-23T04:00:00,19.1,19.1,17.9,92.76,0,4.8,rain,0,0,8.2,2.4,243.8,1017,68.3,4.2,0,0,0,10,Partially cloudy,partly-cloudy-night,
mendrisio,2023-07-23T05:00:00,18.5,18.5,17.7,95.1,0,4.8,,0,0,8.3,2.5,355.5,1017,72.1,24.1,0,0,0,10,Partially cloudy,partly-cloudy-night,
mendrisio,2023-07-23T06:00:00,18.9,18.9,17.9,94.12,0,4.8,,0,0,8.5,2.8,275.3,1017,74.3,24.1,0,0,0,10,Partially cloudy,partly-cloudy-day,
mendrisio,2023-07-23T07:00:00,19.3,19.3,18.1,93.16,0,4.8,,0,0,8.8,3,195.2,1017,76.5,24.1,35,0.1,0,10,Partially cloudy,partly-cloudy-day,
mendrisio,2023-07-23T08:00:00,19.7,19.7,18.4,92.21,0.1,4.8,rain,0,0,9,3.2,115,1017,78.7,24.1,170,0.6,2,10,Partially cloudy,partly-cloudy-day,
mendrisio,2023-07-23T09:00:00,20.4,20.4,18.4,88.3,0,14.3,,0,0,11.8,4.7,127.7,1017.3,76.3,24.1,306,1.1,3,10,Partially cloudy,partly-cloudy-day,
mendrisio,2023-07-23T10:00:00,21.2,21.2,18.5,84.59,0,14.3,,0,0,14.5,6.1,140.5,1017.7,74,24.1,505,1.8,5,10,Partially cloudy,partly-cloudy-day,
mendrisio,2023-07-23T11:00:00,22,22,18.6,81.05,0,14.3,,0,0,17.3,7.6,153.2,1018,71.6,24.1,657,2.4,7,10,Partially cloudy,partly-cloudy-day,
mendrisio,2023-07-23T12:00:00,23,23,18.4,75.64,0,14.3,,0,0,16.9,7.3,155.9,1017.7,67.3,24.1,768,2.8,8,10,Partially cloudy,partly-cloudy-day,
mendrisio,2023-07-23T13:00:00,24,24,18.4,70.63,0,14.3,,0,0,16.6,7.1,158.5,1017.3,63,24,840,3,8,10,Partially cloudy,partly-cloudy-day,
mendrisio,2023-07-23T14:00:00,25.1,25.1,18.3,65.98,0,14.3,,0,0,16.2,6.8,161.2,1017,58.7,24,874,3.1,9,10,Partially cloudy,partly-cloudy-day,
mendrisio,2023-07-23T15:00:00,25.6,25.6,17.9,62.34,0,19,,0,0,15.1,6.1,168,1016.3,54.1,24.1,848,3.1,8,10,Partially cloudy,partly-cloudy-day,
mendrisio,2023-07-23T16:00:00,26.2,26.2,17.5,58.91,0,19,,0,0,14,5.4,174.8,1015.7,49.5,24.1,780,2.8,8,10,Partially cloudy,partly-cloudy-day,
mendrisio,2023-07-23T17:00:00,26.8,27.5,17.2,55.67,0,19,,0,0,13,4.7,181.6,1015,44.9,24.1,666,2.4,7,10,Partially cloudy,partly-cloudy-day,
mendrisio,2023-07-23T18:00:00,26.3,26.3,17.5,58.44,0,19,,0,0,12,3.8,180.1,1014.7,49.2,24.1,516,1.9,5,10,Partially cloudy,partly-cloudy-day,
mendrisio,2023-07-23T19:00:00,25.8,25.8,17.8,61.35,0,19,,0,0,11,3,178.6,1014.3,53.4,24.1,346,1.2,3,30,Partially cloudy,partly-cloudy-day,
mendrisio,2023-07-23T20:00:00,25.4,25.4,18.2,64.41,0,19,,0,0,10.1,2.2,177.1,1014,57.7,24.1,176,0.6,2,30,Partially cloudy,partly-cloudy-day,
mendrisio,2023-07-23T21:00:00,23.9,23.9,17.8,68.56,0,66.7,rain,0,0,14.3,3,236.3,1014.3,71.8,24.1,37,0.1,0,30,"Rain, Partially cloudy",rain,
mendrisio,2023-07-23T22:00:00,22.4,22.4,17.4,73.05,0,66.7,rain,0,0,18.5,3.8,295.6,1014.7,85.9,24.1,0,0,0,10,"Rain, Partially cloudy",rain,
mendrisio,2023-07-23T23:00:00,21,21,17,77.91,0.1,66.7,rain,0,0,22.7,4.7,354.8,1015,100,24.1,0,0,0,10,"Rain, Overcast",rain,
mendrisio,2023-07-24T00:00:00,20.9,20.9,16.3,74.98,0,66.7,rain,0,0,19.9,4.9,355.1,1015,98.7,24.1,0,0,0,3,"Rain, Overcast",rain,
mendrisio,2023-07-24T01:00:00,20.8,20.8,15.6,72.15,0,66.7,rain,0,0,17.2,5.2,355.3,1015,97.4,24.1,0,0,0,3,"Rain, Overcast",rain,
mendrisio,2023-07-24T02:00:00,20.8,20.8,15,69.41,0,66.7,rain,0,0,14.4,5.4,355.6,1015,96.1,24.1,0,0,0,3,"Rain, Overcast",rain,
mendrisio,2023-07-24T03:00:00,20,20,15.6,75.64,0,33.3,rain,0,0,15.7,6.4,252.1,1014.7,97.4,7.3,0,0,0,10,Overcast,cloudy,
mendrisio,2023-07-24T04:00:00,19.3,19.3,16.2,82.44,0,33.3,rain,0,0,17,7.3,148.5,1014.3,98.7,11.3,0,0,0,10,Overcast,cloudy,
mendrisio,2023-07-24T05:00:00,18.6,18.6,16.9,89.84,9.2,33.3,rain,0,0,18.4,8.3,45,1014,100,24.1,0,0,0,10,Overcast,cloudy,
mendrisio,2023-07-24T06:00:00,18.6,18.6,16.5,87.59,0,33.3,,0,0,9.7,7.9,13.2,1015,15.5,24.1,0,0,0,10,Clear,clear-day,
mendrisio,2023-07-24T07:00:00,18.9,18.9,16.6,86.51,0,33.3,,0,0,5.8,5.8,9.2,1016,17.6,24.1,31,0.1,0,10,Clear,clear-day,
mendrisio,2023-07-24T08:00:00,20.6,20.6,17.3,81.38,0,33.3,,0,0,3.6,2.9,17.9,1016,56,24.1,156,0.6,2,5,Partially cloudy,partly-cloudy-day,
mendrisio,2023-07-24T09:00:00,22.1,22.1,17.5,75.49,0,23.8,,0,0,4.1,3.4,69.8,1016,70.7,24.1,236.7,0.9,2,3,Partially cloudy,partly-cloudy-day,
mendrisio,2023-07-24T10:00:00,23.6,23.6,17.8,70.1,0,23.8,,0,0,4.6,3.8,121.7,1016,85.3,24.1,317.3,1.1,3,10,Partially cloudy,partly-cloudy-day,
mendrisio,2023-07-24T11:00:00,25.1,25.1,18.1,65.16,0.1,23.8,rain,0,0,5,4.3,173.6,1016,100,24.1,398,1.4,4,10,Overcast,cloudy,
mendrisio,2023-07-24T12:00:00,25.3,25.3,18,64.12,0,23.8,,0,0,7.9,7.3,173.4,1015.3,100,24.1,453,1.7,5,10,Overcast,cloudy,
mendrisio,2023-07-24T13:00:00,25.5,25.5,17.9,63.09,0,23.8,,0,0,10.8,10.3,173.1,1014.7,100,24.1,508,1.8,5,30,Overcast,cloudy,
mendrisio,2023-07-24T14:00:00,25.7,25.7,17.9,62.09,0,23.8,rain,0,0,13.7,13.3,172.9,1014,100,24.1,563,2,6,30,Overcast,cloudy,
mendrisio,2023-07-24T15:00:00,26,26,17.7,60.48,0,76.2,rain,0,0,12.1,10.9,158,1013,95.6,24.1,521.3,1.9,5,30,"Rain, Overcast",rain,
mendrisio,2023-07-24T16:00:00,26.3,26.3,17.6,58.92,0,76.2,rain,0,0,10.6,8.5,143.2,1012,91.2,24.1,479.7,1.7,5,30,"Rain, Overcast",rain,
mendrisio,2023-07-24T17:00:00,26.6,26.6,17.5,57.4,0.1,76.2,rain,0,0,9,6.1,128.3,1011,86.8,24.1,438,1.6,4,10,"Rain, Partially cloudy",rain,
mendrisio,2023-07-24T18:00:00,25.1,25.1,18.3,66.12,0,76.2,rain,0,0,9.6,6.4,176.8,1011.3,87.8,23.9,364.3,1.3,4,30,"Rain, Partially cloudy",rain,
mendrisio,2023-07-24T19:00:00,23.6,23.6,19.2,76.22,0,76.2,rain,0,0,10.2,6.6,225.3,1011.7,88.9,23.8,290.7,1.1,3,30,"Rain, Partially cloudy",rain,
mendrisio,2023-07-24T20:00:00,22.2,22.2,20.1,87.9,1.2,76.2,rain,0,0,10.8,6.8,273.8,1012,89.9,23.6,217,0.8,2,30,"Rain, Partially cloudy",rain,
mendrisio,2023-07-24T21:00:00,21.5,21.5,19.4,87.85,0,81,rain,0,0,9.2,6.7,296.6,1011,72,23.7,146.7,0.5,1,30,"Rain, Partially cloudy",rain,
mendrisio,2023-07-24T22:00:00,20.9,20.9,18.8,87.79,0,81,rain,0,0,7.7,6.6,319.5,1010,54,23.9,76.3,0.3,0,8,"Rain, Partially cloudy",rain,
mendrisio,2023-07-24T23:00:00,20.3,20.3,18.2,87.74,0.1,81,rain,0,0,6.1,6.5,342.3,1009,36.1,24,6,0,0,5,"Rain, Partially cloudy",rain,
mendrisio,2023-07-25T00:00:00,19.8,19.8,17.8,88.43,0,81,rain,0,0,8.3,7.3,236.3,1008.7,51.7,24,4,0,0,5,"Rain, Partially cloudy",rain,
mendrisio,2023-07-25T01:00:00,19.3,19.3,17.4,89.14,0,81,rain,0,0,10.4,8.2,130.2,1008.3,67.4,24.1,2,0,0,5,"Rain, Partially cloudy",rain,
mendrisio,2023-07-25T02:00:00,18.8,18.8,17.1,89.86,0.4,81,rain,0,0,12.6,9,24.2,1008,83,24.1,0,0,0,5,"Rain, Partially cloudy",rain,
mendrisio,2023-07-25T03:00:00,18.6,18.6,16.9,90.22,0,66.7,rain,0,0,10.2,7.9,18.6,1008,55.3,24.1,0,0,0,5,"Rain, Partially cloudy",rain,
mendrisio,2023-07-25T04:00:00,18.4,18.4,16.8,90.59,0,66.7,rain,0,0,7.8,6.8,13.1,1008,27.7,24.1,0,0,0,5,"Rain, Partially cloudy",rain,
mendrisio,2023-07-25T05:00:00,18.2,18.2,16.7,90.96,1.5,66.7,rain,0,0,5.4,5.8,7.5,1008,0,24.1,0,0,0,5,Rain,rain,
mendrisio,2023-07-25T06:00:00,18.7,18.7,16.9,89.28,0,66.7,rain,0,0,5.8,5.4,5.9,1008,1.7,24.1,22.3,0.1,0,5,Rain,rain,
mendrisio,2023-07-25T07:00:00,19.2,19.2,17.1,87.64,0,66.7,rain,0,0,6.1,5,4.4,1008,3.3,24.1,44.7,0.1,0,5,Rain,rain,
mendrisio,2023-07-25T08:00:00,19.7,19.7,17.3,86.04,0,66.7,rain,0,0,6.5,4.7,2.8,1008,5,24.1,67,0.2,1,5,Rain,rain,
mendrisio,2023-07-25T09:00:00,21.8,21.8,17.2,75.28,0,52.4,rain,0,0,5.2,3.8,64.5,1007.7,5,24.1,213.3,0.7,2,3,Rain,rain,
mendrisio,2023-07-25T10:00:00,23.9,23.9,17.1,66.01,0,52.4,rain,0,0,3.8,3,126.1,1007.3,5,24.1,359.7,1.3,4,3,Rain,rain,
mendrisio,2023-07-25T11:00:00,26,26,17.1,57.99,0,52.4,rain,0,0,2.5,2.2,187.8,1007,5,24.1,506,1.8,5,10,Rain,rain,
mendrisio,2023-07-25T12:00:00,26.7,26.7,16.6,53.9,0,52.4,rain,0,0,4.1,4.1,180.4,1006.7,36.7,24.1,609,2.2,6,10,"Rain, Partially cloudy",rain,
mendrisio,2023-07-25T13:00:00,27.4,27.8,16.1,50.11,0,52.4,rain,0,0,5.6,6,173.1,1006.3,68.3,24.1,712,2.5,7,10,"Rain, Partially cloudy",rain,
mendrisio,2023-07-25T14:00:00,28.1,28.2,15.6,46.59,0,52.4,rain,0,0,7.2,7.9,165.7,1006,100,24.1,815,2.9,8,10,"Rain, Overcast",rain,
mendrisio,2023-07-25T15:00:00,28.2,28.3,15.3,45.36,0,57.1,rain,0,0,7,7.6,159.6,1005.7,100,24.1,770.7,2.8,8,10,"Rain, Overcast",rain,
mendrisio,2023-07-25T16:00:00,28.4,28.3,15,44.16,0,57.1,rain,0,0,6.7,7.2,153.5,1005.3,100,24.1,726.3,2.6,7,10,"Rain, Overcast",rain,
mendrisio,2023-07-25T17:00:00,28.6,28.4,14.8,42.99,0,57.1,rain,0,0,6.5,6.8,147.4,1005,100,24.1,682,2.5,7,10,"Rain, Overcast",rain,
mendrisio,2023-07-25T18:00:00,27.5,27.9,16,49.51,0,57.1,rain,0,0,5.4,5.6,145.5,1004.7,85.1,24.1,544,2,5,30,"Rain, Partially cloudy",rain,
mendrisio,2023-07-25T19:00:00,26.4,26.4,17.2,57.01,0,57.1,rain,0,0,4.3,4.4,143.5,1004.3,70.1,24.1,406,1.5,4,30,"Rain, Partially cloudy",rain,
mendrisio,2023-07-25T20:00:00,25.4,25.4,18.5,65.63,0,57.1,rain,0,0,3.2,3.2,141.6,1004,55.2,24.1,268,1,3,60,"Rain, Partially cloudy",rain,
mendrisio,2023-07-25T21:00:00,23.2,23.2,18.3,73.95,0,57.1,rain,0,0,6.8,4.9,97.5,1004.3,63.4,17.3,182.3,0.7,2,30,"Rain, Partially cloudy",rain,
mendrisio,2023-07-25T22:00:00,20.9,20.9,18.1,83.51,0,57.1,rain,0,0,10.4,6.6,53.3,1004.7,71.5,10.4,96.7,0.3,0,8,"Rain, Partially cloudy",rain,
mendrisio,2023-07-25T23:00:00,18.8,18.8,17.9,94.51,4,57.1,rain,0,0,14,8.3,9.2,1005,79.7,3.6,11,0,0,3,"Rain, Partially cloudy",rain,
mendrisio,2023-07-26T00:00:00,18.2,18.2,17.1,93.11,0,57.1,rain,0,0,15.4,8.9,125.6,1005,74.7,10.4,7.3,0,0,5,"Rain, Partially cloudy",rain,
mendrisio,2023-07-26T01:00:00,17.7,17.7,16.3,91.71,0,57.1,rain,0,0,16.7,9.5,241.9,1005,69.8,17.3,3.7,0,0,5,"Rain, Partially cloudy",rain,
mendrisio,2023-07-26T02:00:00,17.2,17.2,15.6,90.32,2.9,57.1,rain,0,0,18,10.1,358.3,1005,64.8,24.1,0,0,0,5,"Rain, Partially cloudy",rain,
mendrisio,2023-07-26T03:00:00,16.7,16.7,14.9,89.13,0,14.3,,0,0,19,10.4,357.6,1005,45.4,24.1,0,0,0,5,Partially cloudy,partly-cloudy-night,
mendrisio,2023-07-26T04:00:00,16.3,16.3,14.3,87.95,0,14.3,,0,0,19.9,10.8,356.8,1005,25.9,24.1,0,0,0,3,Partially cloudy,partly-cloudy-night,
mendrisio,2023-07-26T05:00:00,15.9,15.9,13.7,86.78,0,14.3,,0,0,20.9,11.2,356.1,1005,6.5,24.1,0,0,0,10,Clear,clear-night,
mendrisio,2023-07-26T06:00:00,16.5,16.5,13.4,82.26,0,14.3,,0,0,22,11.3,356,1005.3,37.7,24.1,18.7,0.1,0,10,Partially cloudy,partly-cloudy-day,
mendrisio,2023-07-26T07:00:00,17.1,17.1,13.2,77.99,0,14.3,,0,0,23,11.4,356,1005.7,68.8,24.1,37.3,0.1,0,10,Partially cloudy,partly-cloudy-day,
mendrisio,2023-07-26T08:00:00,17.7,17.7,13,73.96,0,14.3,,0,0,24.1,11.5,355.9,1006,100,24.1,56,0.2,1,10,Overcast,cloudy,
mendrisio,2023-07-26T09:00:00,20.1,20.1,11.9,59.11,0,9.5,,0,0,20.6,10.2,241.2,1006.3,85.8,24.1,201.3,0.7,2,10,Partially cloudy,partly-cloudy-day,
mendrisio,2023-07-26T10:00:00,22.6,22.6,10.8,47.36,0,9.5,,0,0,17.2,8.9,126.5,1006.7,71.5,24.1,346.7,1.3,3,10,Partially cloudy,partly-cloudy-day,
mendrisio,2023-07-26T11:00:00,25.1,25.1,9.8,38.02,0,9.5,,0,0,13.7,7.6,11.8,1007,57.3,24.1,492,1.8,5,10,Partially cloudy,partly-cloudy-day,
mendrisio,2023-07-26T12:00:00,26.1,26.1,9.8,35.69,0,9.5,,0,0,12.7,8,58.8,1007,38.3,24.1,604.3,2.2,6,10,Partially cloudy,partly-cloudy-day,
mendrisio,2023-07-26T13:00:00,27.2,26.7,9.8,33.51,0,9.5,,0,0,11.8,8.5,105.9,1007,19.4,24.1,716.7,2.6,7,10,Clear,clear-day,
mendrisio,2023-07-26T14:00:00,28.3,27.4,9.8,31.49,0,9.5,,0,0,10.8,9,152.9,1007,0.4,24.1,829,3,8,10,Clear,clear-day,
mendrisio,2023-07-26T15:00:00,27.8,27.3,11.7,36.79,0,38.1,,0,0,11.5,12.1,150,1007.3,0.3,24.1,811.3,2.9,8,10,Clear,clear-day,
mendrisio,2023-07-26T16:00:00,27.3,27.2,13.6,42.91,0,38.1,,0,0,12.2,15.2,147,1007.7,0.2,24.1,793.7,2.9,8,30,Clear,clear-day,
mendrisio,2023-07-26T17:00:00,26.8,27.2,15.5,49.95,0,38.1,,0,0,13,18.4,144.1,1008,0.1,24.1,776,2.8,8,30,Clear,clear-day,
mendrisio,2023-07-26T18:00:00,24.5,24.5,16.5,61.05,0,38.1,,0,0,16.4,17,139,1009,9.4,24.1,627,2.3,6,30,Clear,clear-day,
mendrisio,2023-07-26T19:00:00,22.3,22.3,17.6,74.74,0,38.1,,0,0,19.9,15.7,133.9,1010,18.6,24.1,478,1.7,5,30,Clear,clear-day,
mendrisio,2023-07-26T20:00:00,20.1,20.1,18.7,91.66,4.2,38.1,rain,0,0,23.4,14.4,128.8,1011,27.9,24.1,329,1.2,3,30,Partially cloudy,partly-cloudy-day,
mendrisio,2023-07-26T21:00:00,19,19,17.5,91.02,0,52.4,rain,0,0,23.6,12.5,110.4,1012.3,19,24.1,222.3,0.8,2,30,Rain,rain,
mendrisio,2023-07-26T22:00:00,17.9,17.9,16.3,90.37,0,52.4,rain,0,0,23.9,10.6,92,1013.7,10,24.1,115.7,0.4,0,3,Rain,rain,
mendrisio,2023-07-26T23:00:00,16.9,16.9,15.2,89.72,0.5,52.4,rain,0,0,24.1,8.6,73.6,1015,1.1,24.1,9,0,0,5,Rain,rain,
mendrisio,2023-07-27T00:00:00,16.8,16.8,15.2,90.29,0,52.4,rain,0,0,19.7,8.2,167.6,1015.3,1.4,24.1,6,0,0,3,Rain,rain,
mendrisio,2023-07-27T01:00:00,16.7,16.7,15.2,90.86,0,52.4,rain,0,0,15.2,7.7,261.7,1015.7,1.7,24.1,3,0,0,10,Rain,rain,
mendrisio,2023-07-27T02:00:00,16.6,16.6,15.2,91.44,0,52.4,rain,0,0,10.8,7.2,355.7,1016,2,24.1,0,0,0,10,Rain,rain,
mendrisio,2023-07-27T03:00:00,16.3,16.3,14.7,90.45,0,9.5,,0,0,11.5,7.6,356.2,1016,1.3,24.1,0,0,0,10,Clear,clear-night,
mendrisio,2023-07-27T04:00:00,16,16,14.2,89.45,0,9.5,,0,0,12.2,7.9,356.8,1016,0.7,24.1,0,0,0,10,Clear,clear-night,
mendrisio,2023-07-27T05:00:00,15.7,15.7,13.8,88.47,0,9.5,,0,0,13,8.3,357.3,1016,0,24.1,0,0,0,10,Clear,clear-night,
mendrisio,2023-07-27T06:00:00,16.1,16.1,13.2,82.76,0,9.5,,0,0,11.9,7.8,357,1016.3,0,24.1,22,0.1,0,10,Clear,clear-night,
mendrisio,2023-07-27T07:00:00,16.6,16.6,12.6,77.41,0,9.5,,0,0,10.8,7.3,356.8,1016.7,0,24.1,44,0.1,0,10,Clear,clear-day,
mendrisio,2023-07-27T08:00:00,17.1,17.1,12.1,72.41,0,9.5,,0,0,9.7,6.8,356.5,1017,0,24.1,66,0.2,1,10,Clear,clear-day,
mendrisio,2023-07-27T09:00:00,19.2,19.2,12.3,64.32,0,28.6,,0,0,7.6,6,298.1,1017,1.7,24.1,213.7,0.7,2,10,Clear,clear-day,
mendrisio,2023-07-27T10:00:00,21.4,21.4,12.6,57.25,0,28.6,,0,0,5.4,5.2,239.6,1017,3.3,24.1,361.3,1.3,4,10,Clear,clear-day,
mendrisio,2023-07-27T11:00:00,23.6,23.6,12.9,51.07,0,28.6,,0,0,3.2,4.3,181.2,1017,5,24.1,509,1.8,5,10,Clear,clear-day,
mendrisio,2023-07-27T12:00:00,24.4,24.4,12.6,47.73,0,28.6,,0,0,4.9,5.3,169.9,1016.7,9.4,24.1,617,2.2,6,10,Clear,clear-day,
mendrisio,2023-07-27T13:00:00,25.2,25.2,12.3,44.62,0,28.6,,0,0,6.6,6.2,158.6,1016.3,13.9,24.1,725,2.6,7,10,Clear,clear-day,
mendrisio,2023-07-27T14:00:00,26,26,12,41.71,0,28.6,,0,0,8.3,7.2,147.3,1016,18.3,24.1,833,3,8,10,Clear,clear-day,
mendrisio,2023-07-27T15:00:00,26.1,26.1,12.1,41.76,0,42.9,,0,0,7.4,7.7,147.1,1015.7,12.2,24.1,812.3,2.9,8,10,Clear,clear-day,
mendrisio,2023-07-27T16:00:00,26.3,26.3,12.3,41.81,0,42.9,,0,0,6.6,8.2,146.8,1015.3,6.1,24.1,791.7,2.9,8,10,Clear,clear-day,
mendrisio,2023-07-27T17:00:00,26.5,26.5,12.5,41.85,0,42.9,,0,0,5.8,8.6,146.6,1015,0,24.1,771,2.8,8,10,Clear,clear-day,
mendrisio,2023-07-27T18:00:00,25.4,25.4,13.4,47.48,0,42.9,,0,0,8.3,7.9,151.6,1015,0,24.1,627.3,2.3,6,10,Clear,clear-day,
mendrisio,2023-07-27T19:00:00,24.3,24.3,14.3,53.87,0,42.9,,0,0,10.8,7.2,156.5,1015,0,24.1,483.7,1.7,5,10,Clear,clear-day,
mendrisio,2023-07-27T20:00:00,23.2,23.2,15.3,61.13,0,42.9,,0,0,13.3,6.5,161.5,1015,0,24.1,340,1.2,3,10,Clear,clear-day,
mendrisio,2023-07-27T21:00:00,22.1,22.1,15.1,64.39,0,42.9,,0,0,10.6,6.1,111.1,1015.3,0,24.1,230,0.8,0,10,Clear,clear-night,
mendrisio,2023-07-27T22:00:00,21.1,21.1,14.9,67.86,0,42.9,,0,0,7.8,5.8,60.6,1015.7,0,24.1,120,0.4,0,10,Clear,clear-night,
mendrisio,2023-07-27T23:00:00,20.1,20.1,14.8,71.55,0,42.9,,0,0,5,5.4,10.2,1016,0,24.1,10,0,0,10,Clear,clear-night,
mendrisio,2023-07-28T00:00:00,19.5,19.5,14.5,72.85,0,42.9,,0,0,6,5.9,9.4,1016,1.7,24.1,6.7,0,0,10,Clear,clear-night,
mendrisio,2023-07-28T01:00:00,18.9,18.9,14.2,74.17,0,42.9,,0,0,7,6.4,8.7,1016,3.3,24.1,3.3,0,0,10,Clear,clear-night,
mendrisio,2023-07-28T02:00:00,18.4,18.4,14,75.53,0,42.9,,0,0,7.9,6.8,7.9,1016,5,24.1,0,0,0,10,Clear,clear-night,
mendrisio,2023-07-28T03:00:00,18,18,13.6,75.32,0,14.3,,0,0,7.9,6.8,8.1,1015.7,3.3,24.1,0,0,0,10,Clear,clear-night,
mendrisio,2023-07-28T04:00:00,17.7,17.7,13.2,75.1,0,14.3,,0,0,7.9,6.8,8.4,1015.3,1.7,24.1,0,0,0,10,Clear,clear-night,
mendrisio,2023-07-28T05:00:00,17.4,17.4,12.9,74.88,0,14.3,,0,0,7.9,6.8,8.6,1015,0,24.1,0,0,0,10,Clear,clear-night,
mendrisio,2023-07-28T06:00:00,18.1,18.1,13,72.43,0,14.3,,0,0,7.3,6.1,12.9,1015,0,24.1,21.3,0.1,0,10,Clear,clear-night,
mendrisio,2023-07-28T07:00:00,18.8,18.8,13.2,70.08,0,14.3,,0,0,6.7,5.4,17.1,1015,0,24.1,42.7,0.1,0,10,Clear,clear-day,
mendrisio,2023-07-28T08:00:00,19.5,19.5,13.4,67.82,0,14.3,,0,0,6.1,4.7,21.4,1015,0,24.1,64,0.2,1,10,Clear,clear-day,
mendrisio,2023-07-28T09:00:00,21.1,21.1,13.7,62.92,0,14.3,,0,0,5.9,5.3,71.3,1014.7,25.7,24.1,207.7,0.7,2,10,Partially cloudy,partly-cloudy-day,
mendrisio,2023-07-28T10:00:00,22.7,22.7,14.1,58.44,0,14.3,,0,0,5.6,5.9,121.2,1014.3,51.3,24.1,351.3,1.3,4,10,Partially cloudy,partly-cloudy-day,
mendrisio,2023-07-28T11:00:00,24.3,24.3,14.5,54.34,0,14.3,,0,0,5.4,6.5,171.1,1014,76.8,24.1,495,1.8,5,10,Partially cloudy,partly-cloudy-day,
mendrisio,2023-07-28T12:00:00,24.2,24.2,15.3,57.56,0,14.3,,0,0,7,6.8,174.4,1014,84.5,18.6,573.3,2.1,6,10,Partially cloudy,partly-cloudy-day,
mendrisio,2023-07-28T13:00:00,24.1,24.1,16.1,60.94,0,14.3,,0,0,8.5,7.2,177.6,1014,92.3,13,651.7,2.3,7,10,Overcast,cloudy,
mendrisio,2023-07-28T14:00:00,24,24,16.9,64.51,1.2,14.3,rain,0,0,10.1,7.6,180.9,1014,100,7.5,730,2.6,7,10,Overcast,cloudy,
mendrisio,2023-07-28T15:00:00,24.3,24.3,16.7,62.83,0,52.4,rain,0,0,8.4,5.3,188.4,1013.3,69.9,13,635,2.3,6,10,"Rain, Partially cloudy",rain,
mendrisio,2023-07-28T16:00:00,24.6,24.6,16.6,61.19,0,52.4,rain,0,0,6.7,3,195.9,1012.7,39.7,18.6,540,1.9,5,10,"Rain, Partially cloudy",rain,
mendrisio,2023-07-28T17:00:00,24.9,24.9,16.5,59.59,1.3,52.4,rain,0,0,5,0.7,203.4,1012,9.6,24.1,445,1.6,4,10,Rain,rain,
mendrisio,2023-07-28T18:00:00,24.1,24.1,16.7,63.2,0,52.4,rain,0,0,4.7,1.8,239.2,1011.7,28.2,24.1,405.7,1.5,4,10,"Rain, Partially cloudy",rain,
mendrisio,2023-07-28T19:00:00,23.4,23.4,16.9,67.03,0,52.4,rain,0,0,4.3,2.9,275.1,1011.3,46.8,24.1,366.3,1.3,4,10,"Rain, Partially cloudy",rain,
mendrisio,2023-07-28T20:00:00,22.7,22.7,17.2,71.12,0.6,52.4,rain,0,0,4,4,310.9,1011,65.4,24.1,327,1.2,3,10,"Rain, Partially cloudy",rain,
mendrisio,2023-07-28T21:00:00,21.3,21.3,17,76.33,0,42.9,,0,0,5.5,5,208.3,1011.3,76.9,24,221,0.8,0,10,Partially cloudy,partly-cloudy-night,
mendrisio,2023-07-28T22:00:00,19.9,19.9,16.8,81.99,0,42.9,,0,0,7.1,6.1,105.8,1011.7,88.5,23.8,115,0.4,0,10,Partially cloudy,partly-cloudy-night,
mendrisio,2023-07-28T23:00:00,18.6,18.6,16.6,88.15,0.9,42.9,rain,0,0,8.6,7.2,3.2,1012,100,23.7,9,0,0,10,Overcast,cloudy,
mendrisio,2023-07-29T00:00:00,18.3,18.3,16.7,90.4,0,42.9,,0,0,7.3,6.4,108.3,1012,100,18.4,6,0,0,10,Overcast,cloudy,
mendrisio,2023-07-29T01:00:00,18.1,18.1,16.9,92.71,0,42.9,,0,0,6,5.5,213.3,1012,100,13,3,0,0,10,Overcast,cloudy,
mendrisio,2023-07-29T02:00:00,17.9,17.9,17.1,95.08,2.3,42.9,rain,0,0,4.7,4.7,318.4,1012,100,7.7,0,0,0,10,Overcast,cloudy,
mendrisio,2023-07-29T03:00:00,17.6,17.6,16.9,95.87,0,23.8,,0,0,8.5,5.9,218.7,1011.7,82.3,13.2,0,0,0,10,Partially cloudy,partly-cloudy-night,
mendrisio,2023-07-29T04:00:00,17.4,17.4,16.9,96.68,0,23.8,,0,0,12.4,7.1,118.9,1011.3,64.7,18.6,0,0,0,10,Partially cloudy,partly-cloudy-night,
mendrisio,2023-07-29T05:00:00,17.2,17.2,16.8,97.5,15.9,23.8,rain,0,0,16.2,8.3,19.2,1011,47,24.1,0,0,0,10,Partially cloudy,partly-cloudy-night,
mendrisio,2023-07-29T06:00:00,17.6,17.6,16.8,95.27,0,23.8,,0,0,12,6.1,40.5,1011,38.2,24.1,19.7,0.1,0,10,Partially cloudy,partly-cloudy-night,
mendrisio,2023-07-29T07:00:00,18,18,16.8,93.09,0,23.8,,0,0,7.8,4,61.9,1011,29.4,24.1,39.3,0.1,0,10,Partially cloudy,partly-cloudy-day,
mendrisio,2023-07-29T08:00:00,18.4,18.4,16.9,90.98,0.4,23.8,rain,0,0,3.6,1.8,83.2,1011,20.6,24.1,59,0.2,1,10,Partially cloudy,partly-cloudy-day,
mendrisio,2023-07-29T09:00:00,19.4,19.4,16.9,85.65,0,38.1,,0,0,4.7,3.7,102.9,1011,26.5,24.1,175.3,0.6,2,10,Partially cloudy,partly-cloudy-day,
mendrisio,2023-07-29T10:00:00,20.4,20.4,16.9,80.67,0,38.1,,0,0,5.8,5.6,122.7,1011,32.5,24.1,291.7,1.1,3,10,Partially cloudy,partly-cloudy-day,
mendrisio,2023-07-29T11:00:00,21.4,21.4,17,76.02,0.1,38.1,rain,0,0,6.8,7.6,142.4,1011,38.4,24.1,408,1.5,4,10,Partially cloudy,partly-cloudy-day,
mendrisio,2023-07-29T12:00:00,22.1,22.1,17,72.85,0,38.1,,0,0,6,7.1,151.1,1010.7,53.2,24.1,495,1.8,5,30,Partially cloudy,partly-cloudy-day,
mendrisio,2023-07-29T13:00:00,22.9,22.9,17.1,69.83,0,38.1,,0,0,5.2,6.6,159.7,1010.3,67.9,24.1,582,2.1,6,30,Partially cloudy,partly-cloudy-day,
mendrisio,2023-07-29T14:00:00,23.7,23.7,17.2,66.95,0.7,38.1,rain,0,0,4.3,6.1,168.4,1010,82.7,24.1,669,2.4,7,30,Partially cloudy,partly-cloudy-day,
mendrisio,2023-07-29T15:00:00,24,24,16.9,64.39,0,33.3,,0,0,3.1,4.3,157.5,1009.7,75.2,24.1,607,2.2,6,30,Partially cloudy,partly-cloudy-day,
mendrisio,2023-07-29T16:00:00,24.4,24.4,16.6,61.93,0,33.3,,0,0,1.9,2.5,146.7,1009.3,67.8,24.1,545,1.9,5,30,Partially cloudy,partly-cloudy-day,
mendrisio,2023-07-29T17:00:00,24.8,24.8,16.4,59.57,0.1,33.3,rain,0,0,0.7,0.7,135.8,1009,60.3,24.1,483,1.7,5,30,Partially cloudy,partly-cloudy-day,
mendrisio,2023-07-29T18:00:00,24.2,24.2,16.7,63.08,0,33.3,,0,0,0.6,0.6,194.4,1009,41.9,24.1,420,1.5,4,30,Partially cloudy,partly-cloudy-day,
mendrisio,2023-07-29T19:00:00,23.6,23.6,17.1,66.8,0,33.3,,0,0,0.5,0.5,253,1009,23.4,24.1,357,1.3,4,30,Partially cloudy,partly-cloudy-day,
mendrisio,2023-07-29T20:00:00,23.1,23.1,17.5,70.75,0,33.3,,0,0,0.4,0.4,311.6,1009,5,24.1,294,1.1,3,30,Clear,clear-day,
mendrisio,2023-07-29T21:00:00,21.4,21.4,15.5,68.81,0,52.4,rain,0,0,7.2,3.6,210.4,1010,4.5,24.1,199,0.7,0,30,Rain,rain,
mendrisio,2023-07-29T22:00:00,19.9,19.9,13.5,66.88,0,52.4,rain,0,0,14,6.8,109.2,1011,4.1,24.1,104,0.4,0,10,Rain,rain,
mendrisio,2023-07-29T23:00:00,18.3,18.3,11.6,64.96,0.1,52.4,rain,0,0,20.9,10.1,8,1012,3.6,24.1,9,0,0,10,Rain,rain,
mendrisio,2023-07-30T00:00:00,17.6,17.6,10.9,64.8,0,52.4,rain,0,0,18.6,9.6,9.3,1012.3,35,24.1,6,0,0,10,"Rain, Partially cloudy",rain,
mendrisio,2023-07-30T01:00:00,16.9,16.9,10.2,64.65,0,52.4,rain,0,0,16.3,9.1,10.5,1012.7,66.5,24.1,3,0,0,10,"Rain, Partially cloudy",rain,
mendrisio,2023-07-30T02:00:00,16.2,16.2,9.5,64.5,0,52.4,rain,0,0,14,8.6,11.8,1013,97.9,24.1,0,0,0,10,"Rain, Overcast",rain,
mendrisio,2023-07-30T03:00:00,15.9,15.9,9.2,64.72,0,33.3,,0,0,12.5,8.2,11.9,1013.7,71.6,24.1,0,0,0,10,Partially cloudy,partly-cloudy-night,
mendrisio,2023-07-30T04:00:00,15.6,15.6,9,64.95,0,33.3,,0,0,10.9,7.7,12.1,1014.3,45.2,24.1,0,0,0,10,Partially cloudy,partly-cloudy-night,
mendrisio,2023-07-30T05:00:00,15.3,15.3,8.8,65.17,0,33.3,,0,0,9.4,7.2,12.2,1015,18.9,24.1,0,0,0,10,Clear,clear-night,
mendrisio,2023-07-30T06:00:00,15.8,15.8,9.2,64.99,0,33.3,,0,0,9.2,6.8,8.9,1015.3,25.1,24.1,20.3,0.1,0,10,Partially cloudy,partly-cloudy-night,
mendrisio,2023-07-30T07:00:00,16.3,16.3,9.6,64.81,0,33.3,,0,0,9.1,6.5,5.6,1015.7,31.3,24.1,40.7,0.1,0,10,Partially cloudy,partly-cloudy-day,
mendrisio,2023-07-30T08:00:00,16.8,16.8,10.1,64.63,0,33.3,,0,0,9,6.1,2.3,1016,37.5,24.1,61,0.2,1,10,Partially cloudy,partly-cloudy-day,
mendrisio,2023-07-30T09:00:00,18.7,18.7,10.3,58,0,19,,0,0,7.1,5.6,59.9,1016.3,46.6,24.1,208.3,0.7,2,10,Partially cloudy,partly-cloudy-day,
mendrisio,2023-07-30T10:00:00,20.7,20.7,10.5,52.14,0,19,,0,0,5.2,5.2,117.5,1016.7,55.6,24.1,355.7,1.3,4,10,Partially cloudy,partly-cloudy-day,
mendrisio,2023-07-30T11:00:00,22.7,22.7,10.8,46.96,0,19,,0,0,3.2,4.7,175.1,1017,64.7,24.1,503,1.8,5,10,Partially cloudy,partly-cloudy-day,
mendrisio,2023-07-30T12:00:00,23.2,23.2,11.7,48.27,0,19,,0,0,4.2,6,171,1017,69.7,24.1,608.7,2.2,6,10,Partially cloudy,partly-cloudy-day,
mendrisio,2023-07-30T13:00:00,23.8,23.8,12.6,49.6,0,19,,0,0,5.2,7.3,166.9,1017,74.6,24.1,714.3,2.6,7,10,Partially cloudy,partly-cloudy-day,
mendrisio,2023-07-30T14:00:00,24.4,24.4,13.6,50.95,0,19,,0,0,6.1,8.6,162.8,1017,79.6,24.1,820,3,8,10,Partially cloudy,partly-cloudy-day,
mendrisio,2023-07-30T15:00:00,24.5,24.5,13.8,51.43,0,33.3,,0,0,5.3,7.9,160.9,1016.7,77.4,24.1,785.3,2.9,8,10,Partially cloudy,partly-cloudy-day,
mendrisio,2023-07-30T16:00:00,24.6,24.6,14.1,51.91,0,33.3,,0,0,4.4,7.2,158.9,1016.3,75.3,24.1,750.7,2.7,8,10,Partially cloudy,partly-cloudy-day,
mendrisio,2023-07-30T17:00:00,24.8,24.8,14.4,52.4,0.1,33.3,rain,0,0,3.6,6.5,157,1016,73.1,24.1,716,2.6,7,10,Partially cloudy,partly-cloudy-day,
mendrisio,2023-07-30T18:00:00,23.9,23.9,15.1,57.51,0,33.3,,0,0,6.4,6.6,164.6,1016.3,55.5,24.1,577.7,2.1,6,10,Partially cloudy,partly-cloudy-day,
mendrisio,2023-07-30T19:00:00,23.2,23.2,15.8,63.12,0,33.3,,0,0,9.1,6.7,172.2,1016.7,37.9,24.1,439.3,1.6,4,10,Partially cloudy,partly-cloudy-day,
mendrisio,2023-07-30T20:00:00,22.4,22.4,16.5,69.28,0,33.3,,0,0,11.9,6.8,179.8,1017,20.3,24.1,301,1.1,3,10,Partially cloudy,partly-cloudy-day,
mendrisio,2023-07-30T21:00:00,21.3,21.3,16.2,72.55,0,23.8,,0,0,9,5.8,124.1,1017.3,15.2,24.1,203.7,0.7,0,10,Clear,clear-night,
mendrisio,2023-07-30T22:00:00,20.2,20.2,15.9,76,0,23.8,,0,0,6.1,4.7,68.5,1017.7,10.1,24.1,106.3,0.4,0,10,Clear,clear-night,
mendrisio,2023-07-30T23:00:00,19.2,19.2,15.6,79.66,0,23.8,,0,0,3.2,3.6,12.8,1018,5,24.1,9,0,0,10,Clear,clear-night,
mendrisio,2023-07-31T00:00:00,18.8,18.8,15.5,81.32,0,23.8,,0,0,3.8,4.2,11.6,1018.3,36.7,24.1,6,0,0,10,Partially cloudy,partly-cloudy-night,
mendrisio,2023-07-31T01:00:00,18.4,18.4,15.4,83.03,0,23.8,,0,0,4.4,4.8,10.3,1018.7,68.3,24.1,3,0,0,10,Partially cloudy,partly-cloudy-night,
mendrisio,2023-07-31T02:00:00,18,18,15.4,84.78,0,23.8,,0,0,5,5.4,9.1,1019,100,24.1,0,0,0,10,Overcast,cloudy,
mendrisio,2023-07-31T03:00:00,17.6,17.6,14.3,81,0,9.5,,0,0,5.2,5.5,7.1,1019,95.6,24.1,0,0,0,10,Overcast,cloudy,
mendrisio,2023-07-31T04:00:00,17.3,17.3,13.3,77.35,0,9.5,,0,0,5.3,5.6,5.2,1019,91.2,24.1,0,0,0,10,Overcast,cloudy,
mendrisio,2023-07-31T05:00:00,17,17,12.3,73.84,0,9.5,,0,0,5.4,5.8,3.2,1019,86.8,24.1,0,0,0,10,Partially cloudy,partly-cloudy-night,
mendrisio,2023-07-31T06:00:00,17.4,17.4,12,70.6,0,9.5,,0,0,5.5,5.4,3.8,1019.3,59.5,24.1,19.7,0.1,0,10,Partially cloudy,partly-cloudy-night,
mendrisio,2023-07-31T07:00:00,17.9,17.9,11.8,67.5,0,9.5,,0,0,5.6,5,4.3,1019.7,32.3,24.1,39.3,0.1,0,10,Partially cloudy,partly-cloudy-day,
mendrisio,2023-07-31T08:00:00,18.4,18.4,11.6,64.55,0,9.5,,0,0,5.8,4.7,4.9,1020,5,24.1,59,0.2,1,10,Clear,clear-day,
mendrisio,2023-07-31T09:00:00,20.1,20.1,12.7,62.17,0,9.5,,0,0,4.6,4.6,67.1,1019.7,5,24.1,202.7,0.7,2,10,Clear,clear-day,
mendrisio,2023-07-31T10:00:00,21.9,21.9,13.8,59.92,0,9.5,,0,0,3.4,4.4,129.3,1019.3,5,24.1,346.3,1.3,3,10,Clear,clear-day,
mendrisio,2023-07-31T11:00:00,23.7,23.7,14.9,57.81,0,9.5,,0,0,2.2,4.3,191.5,1019,5,24.1,490,1.8,5,10,Clear,clear-day,
mendrisio,2023-07-31T12:00:00,24.7,24.7,14.8,53.87,0,9.5,,0,0,2.4,4.6,189.2,1018.7,5,24.1,603.3,2.2,6,10,Clear,clear-day,
mendrisio,2023-07-31T13:00:00,25.8,25.8,14.7,50.24,0,9.5,,0,0,2.6,4.8,187,1018.3,5.1,24.1,716.7,2.6,7,10,Clear,clear-day,
mendrisio,2023-07-31T14:00:00,26.9,27.1,14.6,46.87,0,9.5,,0,0,2.9,5,184.7,1018,5.1,24.1,830,3,8,10,Clear,clear-day,
mendrisio,2023-07-31T15:00:00,27.1,27.3,14.4,45.84,0,23.8,,0,0,2.9,4.9,180.3,1017.7,5.1,24.1,805.3,2.9,8,10,Clear,clear-day,
mendrisio,2023-07-31T16:00:00,27.4,27.4,14.4,44.84,0,23.8,,0,0,2.9,4.8,175.9,1017.3,5,24.1,780.7,2.8,8,10,Clear,clear-day,
mendrisio,2023-07-31T17:00:00,27.7,27.6,14.3,43.86,0,23.8,,0,0,2.9,4.7,171.5,1017,5,24.1,756,2.7,8,10,Clear,clear-day,
mendrisio,2023-07-31T18:00:00,26.6,26.6,15.3,49.7,0,23.8,,0,0,5.9,5.2,177.4,1017,3.3,24.1,612.3,2.2,6,10,Clear,clear-day,
mendrisio,2023-07-31T19:00:00,25.6,25.6,16.3,56.33,0,23.8,,0,0,8.9,5.6,183.4,1017,1.7,24.1,468.7,1.7,5,10,Clear,clear-day,
mendrisio,2023-07-31T20:00:00,24.6,24.6,17.3,63.83,0,23.8,,0,0,11.9,6.1,189.3,1017,0,24.1,325,1.2,3,10,Clear,clear-day,
mendrisio,2023-07-31T21:00:00,23.5,23.5,17.3,68.05,0,33.3,,0,0,9,5.3,134.1,1017.7,0,24.1,219.3,0.8,0,10,Clear,clear-night,
mendrisio,2023-07-31T22:00:00,22.4,22.4,17.3,72.59,0,33.3,,0,0,6.1,4.4,78.8,1018.3,0,24.1,113.7,0.4,0,10,Clear,clear-night,
mendrisio,2023-07-31T23:00:00,21.4,21.4,17.3,77.48,0,33.3,,0,0,3.2,3.6,23.6,1019,0,24.1,8,0,0,10,Clear,clear-night,
mendrisio,2023-08-01T00:00:00,20.9,20.9,17,78.39,0,33.3,,0,0,4.1,4.3,17.8,1019,0,24.1,5.3,0,0,10,Clear,clear-night,
mendrisio,2023-08-01T01:00:00,20.4,20.4,16.7,79.33,0,33.3,,0,0,4.9,5,12.1,1019,0,24.1,2.7,0,0,10,Clear,clear-night,
mendrisio,2023-08-01T02:00:00,20,20,16.5,80.28,0,33.3,,0,0,5.8,5.8,6.3,1019,0,24.1,0,0,0,10,Clear,clear-night,
mendrisio,2023-08-01T03:00:00,19.6,19.6,15.8,78.7,0,4.8,,0,0,6.5,6.1,6,1019,0,24.1,0,0,0,10,Clear,clear-night,
mendrisio,2023-08-01T04:00:00,19.2,19.2,15.1,77.14,0,4.8,,0,0,7.2,6.5,5.7,1019,0,24.1,0,0,0,10,Clear,clear-night,
mendrisio,2023-08-01T05:00:00,18.8,18.8,14.4,75.6,0,4.8,,0,0,7.9,6.8,5.4,1019,0,24.1,0,0,0,10,Clear,clear-night,
mendrisio,2023-08-01T06:00:00,19.3,19.3,14.2,72.5,0,4.8,,0,0,7.6,6.2,4.8,1019.3,0,24.1,19.3,0.1,0,10,Clear,clear-night,
mendrisio,2023-08-01T07:00:00,19.8,19.8,14.1,69.53,0,4.8,,0,0,7.2,5.6,4.1,1019.7,0.1,24.1,38.7,0.1,0,10,Clear,clear-day,
mendrisio,2023-08-01T08:00:00,20.4,20.4,14,66.7,0,4.8,,0,0,6.8,5,3.5,1020,0.1,24.1,58,0.2,1,10,Clear,clear-day,
mendrisio,2023-08-01T09:00:00,22.2,22.2,14.8,62.78,0,9.5,,0,0,5.3,4.6,73.3,1019.7,0.6,24.1,200.3,0.7,2,10,Clear,clear-day,
mendrisio,2023-08-01T10:00:00,24.1,24.1,15.6,59.16,0,9.5,,0,0,3.7,4.1,143,1019.3,1.1,24.1,342.7,1.2,3,10,Clear,clear-day,
mendrisio,2023-08-01T11:00:00,26,26,16.5,55.82,0,9.5,,0,0,2.2,3.6,212.8,1019,1.6,24.1,485,1.7,5,10,Clear,clear-day,
mendrisio,2023-08-01T12:00:00,27.1,27.6,16.5,52.43,0,9.5,,0,0,2.8,4,200.6,1018.7,1.1,24.1,597.3,2.1,6,10,Clear,clear-day,
mendrisio,2023-08-01T13:00:00,28.2,28.6,16.5,49.27,0,9.5,,0,0,3.4,4.3,188.5,1018.3,0.5,24.1,709.7,2.6,7,10,Clear,clear-day,
mendrisio,2023-08-01T14:00:00,29.3,29.5,16.6,46.32,0,9.5,,0,0,4,4.7,176.3,1018,0,24.1,822,3,8,10,Clear,clear-day,
mendrisio,2023-08-01T15:00:00,29.5,29.7,16.4,45.32,0,28.6,,0,0,4.1,4.8,173.8,1017.7,0,24.1,797.7,2.9,8,10,Clear,clear-day,
mendrisio,2023-08-01T16:00:00,29.8,30,16.4,44.35,0,28.6,,0,0,4.2,4.9,171.3,1017.3,0,24.1,773.3,2.8,8,10,Clear,clear-day,
mendrisio,2023-08-01T17:00:00,30.1,30.2,16.3,43.4,0,28.6,,0,0,4.3,5,168.8,1017,0,24.1,749,2.7,7,10,Clear,clear-day,
mendrisio,2023-08-01T18:00:00,28.9,29.3,16.9,48.42,0,28.6,,0,0,7.1,5.6,173.7,1017,0,24.1,606.7,2.2,6,10,Clear,clear-day,
mendrisio,2023-08-01T19:00:00,27.7,28.4,17.5,54.04,0,28.6,,0,0,9.8,6.2,178.7,1017,0,24.1,464.3,1.7,5,10,Clear,clear-day,
mendrisio,2023-08-01T20:00:00,26.5,26.5,18.2,60.34,0,28.6,,0,0,12.6,6.8,183.6,1017,0,24.1,322,1.2,3,10,Clear,clear-day,
mendrisio,2023-08-01T21:00:00,25.3,25.3,18,63.86,0,23.8,,0,0,10.1,6.5,125.9,1017.3,0,24.1,217.3,0.8,0,10,Clear,clear-night,
mendrisio,2023-08-01T22:00:00,24.2,24.2,17.8,67.62,0,23.8,,0,0,7.6,6.1,68.2,1017.7,0,24.1,112.7,0.4,0,10,Clear,clear-night,
mendrisio,2023-08-01T23:00:00,23.1,23.1,17.7,71.64,0,23.8,,0,0,5,5.8,10.5,1018,0,24.1,8,0,0,10,Clear,clear-night,
mendrisio,2023-08-02T00:00:00,22.5,22.5,17.5,73.22,0,23.8,,0,0,5.4,6,9.9,1018,0,24.1,5.3,0,0,3,Clear,clear-night,
mendrisio,2023-08-02T01:00:00,22,22,17.3,74.85,0,23.8,,0,0,5.8,6.2,9.4,1018,0,24.1,2.7,0,0,5,Clear,clear-night,
mendrisio,2023-08-02T02:00:00,21.5,21.5,17.2,76.52,0,23.8,,0,0,6.1,6.5,8.8,1018,0,24.1,0,0,0,5,Clear,clear-night,
mendrisio,2023-08-02T03:00:00,21.1,21.1,16.9,76.95,0,14.3,,0,0,6.1,6.6,6.6,1018,0.5,24.1,0,0,0,3,Clear,clear-night,
mendrisio,2023-08-02T04:00:00,20.8,20.8,16.7,77.39,0,14.3,,0,0,6.1,6.7,4.5,1018,0.9,24.1,0,0,0,10,Clear,clear-night,
mendrisio,2023-08-02T05:00:00,20.5,20.5,16.5,77.83,0,14.3,,0,0,6.1,6.8,2.3,1018,1.2,24.1,0,0,0,10,Clear,clear-night,
mendrisio,2023-08-02T06:00:00,21.1,21.1,16.7,75.82,0,14.3,,0,0,6.5,6.2,120.9,1018,0.8,24.1,19,0.1,0,10,Clear,clear-night,
mendrisio,2023-08-02T07:00:00,21.7,21.7,16.9,73.86,0,14.3,,0,0,6.8,5.6,239.6,1018,0.4,24.1,38,0.1,0,10,Clear,clear-day,
mendrisio,2023-08-02T08:00:00,22.4,22.4,17.1,71.97,0,14.3,,0,0,7.2,5,358.2,1018,0,24.1,57,0.2,1,10,Clear,clear-day,
mendrisio,2023-08-02T09:00:00,24.2,24.2,17.3,65.39,0,23.8,,0,0,5.6,4.7,304.6,1017.7,8.9,24.1,198.7,0.7,2,10,Clear,clear-day,
mendrisio,2023-08-02T10:00:00,26.1,26.1,17.6,59.5,0,23.8,,0,0,4.1,4.3,251,1017.3,17.8,24.1,340.3,1.2,3,10,Clear,clear-day,
mendrisio,2023-08-02T11:00:00,28,28.8,17.9,54.23,0,23.8,,0,0,2.5,4,197.4,1017,26.7,24.1,482,1.7,5,10,Partially cloudy,partly-cloudy-day,
mendrisio,2023-08-02T12:00:00,29,29.5,17,48.26,0,23.8,,0,0,3.6,4.6,188.8,1016.7,26.6,24.1,594.7,2.1,6,10,Partially cloudy,partly-cloudy-day,
mendrisio,2023-08-02T13:00:00,30.1,30.1,16.1,42.95,0,23.8,,0,0,4.7,5.2,180.1,1016.3,26.5,24.1,707.3,2.6,7,10,Partially cloudy,partly-cloudy-day,
mendrisio,2023-08-02T14:00:00,31.2,30.9,15.3,38.22,0,23.8,,0,0,5.8,5.8,171.5,1016,26.4,24.1,820,3,8,10,Partially cloudy,partly-cloudy-day,
mendrisio,2023-08-02T15:00:00,31.2,30.8,14.9,37.27,0,38.1,,0,0,5.5,6.4,175.4,1015.3,50.1,24.1,779.7,2.8,8,10,Partially cloudy,partly-cloudy-day,
mendrisio,2023-08-02T16:00:00,31.3,30.8,14.6,36.34,0,38.1,,0,0,5.3,7,179.3,1014.7,73.8,24.1,739.3,2.7,7,10,Partially cloudy,partly-cloudy-day,
mendrisio,2023-08-02T17:00:00,31.4,30.7,14.3,35.43,0,38.1,,0,0,5,7.6,183.2,1014,97.5,24.1,699,2.5,7,10,Overcast,cloudy,
mendrisio,2023-08-02T18:00:00,30,29.8,15.3,40.78,0,38.1,,0,0,6.5,6.8,191.1,1014,77.2,24.1,565.7,2,6,10,Partially cloudy,partly-cloudy-day,
mendrisio,2023-08-02T19:00:00,28.7,28.9,16.3,46.96,0,38.1,,0,0,7.9,6.1,199.1,1014,56.8,24.1,432.3,1.6,4,10,Partially cloudy,partly-cloudy-day,
mendrisio,2023-08-02T20:00:00,27.4,28.1,17.3,54.08,0,38.1,,0,0,9.4,5.4,207,1014,36.5,24.1,299,1.1,3,10,Partially cloudy,partly-cloudy-day,
mendrisio,2023-08-02T21:00:00,26.2,26.2,17.1,57.43,0,33.3,,0,0,8.3,5.9,144.7,1014.3,26.4,24.1,201.7,0.7,0,10,Partially cloudy,partly-cloudy-night,
mendrisio,2023-08-02T22:00:00,24.9,24.9,16.9,61.02,0,33.3,,0,0,7.2,6.4,82.3,1014.7,16.2,24.1,104.3,0.4,0,10,Clear,clear-night,
mendrisio,2023-08-02T23:00:00,23.8,23.8,16.8,64.88,0,33.3,,0,0,6.1,6.8,20,1015,6.1,24.1,7,0,0,3,Clear,clear-night,
